RF_mae,RF_mse,RF_rmse,RF_time,MissingRate,run
0.1551907469773091,0.0364524790354292,0.1909253231905847,0.2930090427398681,0.2,0
0.1495481986025309,0.0332253928651186,0.1822783389904533,0.2941799163818359,0.2,1
0.1486669226409229,0.0323011437362904,0.1797251894874238,0.2928760051727295,0.2,2
0.1443105914324537,0.0317602449561266,0.1782140425334846,0.3709199428558349,0.2,3
0.1471080955445899,0.0323803493131804,0.1799454064798001,0.3010239601135254,0.2,4
0.1451076306944146,0.0308044323713152,0.1755119151833153,0.3053340911865234,0.2,5
0.1588366230422656,0.0384875031627464,0.1961823212288672,0.3776850700378418,0.2,6
0.1569156129495112,0.0365455098083594,0.1911687992543747,0.3576738834381103,0.2,7
0.1506649145390831,0.0330922135162769,0.1819126535353629,0.2851028442382812,0.2,8
0.1521435485858105,0.0365712487986105,0.1912361074656418,0.2917368412017822,0.2,9
0.1625144135284703,0.0413671430845632,0.2033891420026231,0.2956397533416748,0.2,10
0.162320772310899,0.0375420164641268,0.1937576229832697,0.2909860610961914,0.2,11
0.1676227202894241,0.0400609713482842,0.2001523703289178,0.2981071472167969,0.2,12
0.1434443610097976,0.029900526266298,0.1729176863895016,0.2897779941558838,0.2,13
0.1544898533889504,0.0350699218077692,0.1872696499910469,0.2916579246520996,0.2,14
0.1521203810359644,0.0343500517303498,0.1853376694855902,0.2901759147644043,0.2,15
0.1474066899829611,0.0341446457958785,0.1847826988542988,0.2921311855316162,0.2,16
0.1501057782001865,0.0334059724566881,0.1827730080090825,0.2922639846801758,0.2,17
0.1460633261171832,0.0308014560711585,0.1755034360665298,0.2888321876525879,0.2,18
0.1434833369091038,0.030643535714027,0.1750529511720012,0.2819898128509521,0.2,19
0.1581825827802461,0.0366906156322874,0.1915479460403777,0.2940270900726318,0.2,20
0.1428065644336831,0.0308881234994939,0.1757501735404376,0.2864069938659668,0.2,21
0.1394345002376049,0.0294545688055607,0.1716233340940583,0.2924020290374756,0.2,22
0.152230141804168,0.0333580330441944,0.1826418162529995,0.2901370525360107,0.2,23
0.1572831295144103,0.0378471150547183,0.1945433500655274,0.2859120368957519,0.2,24
0.1449968612680476,0.0316544270412077,0.1779169104981529,0.2934689521789551,0.2,25
0.1505487019952799,0.0352256580719173,0.1876849969281437,0.2906818389892578,0.2,26
0.1620757480644486,0.0413494640777716,0.2033456763193445,0.2847640514373779,0.2,27
0.1459298566743521,0.0326858661225747,0.1807923287160567,0.2973711490631103,0.2,28
0.1385208825001787,0.0285579923734245,0.16899110146225,0.2910079956054687,0.2,29
0.1692926493886945,0.0437704583764918,0.2092139057913978,0.2750780582427978,0.4,0
0.1465744994162545,0.0305871745105783,0.1748918937817827,0.2689847946166992,0.4,1
0.1550827713990644,0.035379853999156,0.188095332209909,0.2670152187347412,0.4,2
0.1492524552654017,0.0344360298950605,0.1855694745777456,0.2744781970977783,0.4,3
0.1447384878938815,0.031040358946825,0.1761827430448993,0.2732388973236084,0.4,4
0.170833839415521,0.0419682712917166,0.2048615905720657,0.2686347961425781,0.4,5
0.1637284908859437,0.0372884908558909,0.1931022808148338,0.2655398845672607,0.4,6
0.1594697596376671,0.0360406529771153,0.1898437593841718,0.2735629081726074,0.4,7
0.1476971094332095,0.031935258676918,0.1787043890812926,0.2724652290344238,0.4,8
0.1628824354213234,0.0374183478581435,0.1934382274994877,0.2684340476989746,0.4,9
0.1619705118437892,0.0382496719310025,0.1955752334294977,0.2777078151702881,0.4,10
0.175685261243195,0.0436833340590707,0.2090055837987845,0.2699408531188965,0.4,11
0.1494839719332829,0.0316145083211396,0.1778046915048634,0.2749450206756592,0.4,12
0.1537882552126465,0.0359331986977877,0.189560540983053,0.2696588039398193,0.4,13
0.1458151609553478,0.0334937754818834,0.1830130472995939,0.2670419216156006,0.4,14
0.1524918095439242,0.0360977768187299,0.1899941494328968,0.2643451690673828,0.4,15
0.152695613402092,0.0368809215651138,0.1920440615200424,0.2699511051177978,0.4,16
0.1527749323852602,0.0338118935704461,0.1838801065108625,0.2715399265289306,0.4,17
0.1527826502854751,0.0330722131326316,0.1818576727351134,0.2686641216278076,0.4,18
0.1599489134008908,0.0362034194737716,0.1902719618697712,0.268259048461914,0.4,19
0.1558436090137341,0.0361509207796251,0.1901339548308643,0.2700908184051513,0.4,20
0.1466209009655337,0.0325428118253881,0.1803962633354364,0.2718319892883301,0.4,21
0.1450219300561451,0.0310125160988002,0.1761037083618633,0.2706458568572998,0.4,22
0.1425058521217241,0.031603599435242,0.1777740122606284,0.2734501361846924,0.4,23
0.1596153708187606,0.0350469139773925,0.18720821022966,0.266740083694458,0.4,24
0.1459917072941783,0.0301641448804336,0.1736782798176952,0.2689909934997558,0.4,25
0.1649680983063444,0.0395119445397463,0.198776116623065,0.2701890468597412,0.4,26
0.1491818073117507,0.031103243409335,0.1763611164892507,0.2684121131896972,0.4,27
0.1671994719663802,0.0387829325255219,0.1969338277836541,0.2729208469390869,0.4,28
0.147859481581376,0.0326642501777263,0.1807325376840771,0.272043228149414,0.4,29
0.1616930709873051,0.0383263424801677,0.195771148232235,0.2440428733825683,0.6,0
0.1582671978624774,0.0363769725990324,0.1907274825478291,0.244560956954956,0.6,1
0.1567098116155285,0.0350405640508131,0.1871912499312217,0.2480041980743408,0.6,2
0.1813440607310664,0.0450111736361689,0.2121583692343268,0.2404279708862304,0.6,3
0.1478870467172383,0.0320426236510247,0.1790045352806031,0.2363679409027099,0.6,4
0.1660690243454569,0.0377543776007897,0.1943048573782697,0.2467348575592041,0.6,5
0.1877434654054484,0.0493593322317632,0.2221696024026762,0.249500036239624,0.6,6
0.1550483595201637,0.0333130277094674,0.1825185681224447,0.2447607517242431,0.6,7
0.1623535452585033,0.0379681699813941,0.194854227517378,0.2429068088531494,0.6,8
0.1663751476125941,0.037871959553715,0.1946071929649955,0.2533137798309326,0.6,9
0.1783580396377006,0.0443820008156828,0.2106703605533602,0.2451210021972656,0.6,10
0.1611269866413221,0.0359181493714223,0.1895208415225679,0.2383089065551757,0.6,11
0.1669348667704164,0.0393824672011128,0.1984501630160904,0.2471199035644531,0.6,12
0.1684110389496101,0.039706525014339,0.1992649618330805,0.242999792098999,0.6,13
0.1761772637209616,0.0476408125602755,0.2182677542842175,0.2426228523254394,0.6,14
0.1743963026532217,0.0407856309960542,0.2019545270501611,0.2412531375885009,0.6,15
0.1586436486240204,0.0356970529653047,0.1889366374351591,0.245762825012207,0.6,16
0.1778077899338032,0.0427701886343813,0.2068095467679896,0.2434988021850586,0.6,17
0.1623488655725943,0.039399551620669,0.1984932029583609,0.2481598854064941,0.6,18
0.1697801582193344,0.0422786306575624,0.2056176807999799,0.2470059394836425,0.6,19
0.1544880229508773,0.034710600480557,0.1863078111098861,0.2427263259887695,0.6,20
0.1656345459985567,0.0384965601012933,0.1962054028341047,0.2440161705017089,0.6,21
0.1671538313474363,0.0391606982377361,0.1978906219044656,0.2452509403228759,0.6,22
0.1635051129063484,0.0404548079802344,0.2011338061595674,0.3154411315917969,0.6,23
0.1708825217469285,0.0403042636978485,0.2007592182138806,0.2434029579162597,0.6,24
0.1558096991156586,0.0357518038444546,0.1890814740910771,0.2465341091156005,0.6,25
0.163180444047973,0.038057278811641,0.1950827486264253,0.2424159049987793,0.6,26
0.1632165186978746,0.0368725811049506,0.1920223453271797,0.2459690570831298,0.6,27
0.1761058550472699,0.0421895903557462,0.2054010476013845,0.2469580173492431,0.6,28
0.179483205060189,0.0446725750940741,0.2113588774905708,0.2444579601287841,0.6,29
0.1828101494454557,0.0487186138064453,0.2207229344822267,0.2076349258422851,0.8,0
0.1677587060350537,0.0373489833394324,0.1932588506108646,0.2052779197692871,0.8,1
0.1605547612642043,0.0356842404648073,0.1889027275208256,0.2052540779113769,0.8,2
0.1569876929440131,0.0347010957889158,0.1862823013303084,0.2085311412811279,0.8,3
0.19466059934065,0.0521239727581988,0.2283067514511974,0.2055258750915527,0.8,4
0.1664388310102246,0.039692504290756,0.1992297776206058,0.2129459381103515,0.8,5
0.1828283003039359,0.0464883657929013,0.215611608669156,0.2082297801971435,0.8,6
0.1780535730000327,0.0465574845893042,0.2157718345598058,0.2118639945983886,0.8,7
0.1776094422954473,0.0420135732935383,0.2049721280894999,0.2054839134216308,0.8,8
0.1721135712321229,0.0452525011151587,0.2127263526579599,0.2044191360473632,0.8,9
0.1756950611636472,0.0423831413395922,0.2058716623034656,0.2070322036743164,0.8,10
0.2060085883091204,0.0570497704591654,0.2388509377397657,0.2022809982299804,0.8,11
0.1893280410533542,0.0499030247265799,0.2233898492021962,0.2099080085754394,0.8,12
0.1758265071151575,0.0440885603045626,0.2099727608633145,0.2038590908050537,0.8,13
0.1568986696725489,0.0357337275488219,0.1890336677653532,0.2097349166870117,0.8,14
0.181178686301195,0.0461488000261133,0.2148227176676465,0.2113730907440185,0.8,15
0.1744447493498341,0.0421695240368795,0.2053521951109349,0.2117931842803955,0.8,16
0.1710500208246217,0.0414031210385948,0.2034775688831445,0.2051849365234375,0.8,17
0.2045832791018155,0.0566229342740513,0.2379557401578103,0.2124402523040771,0.8,18
0.1912012632057651,0.0516819054515149,0.2273365466692826,0.1976149082183838,0.8,19
0.1870446164065022,0.0476724518860712,0.2183402204956091,0.2676389217376709,0.8,20
0.1557260634576754,0.0329477369890771,0.1815151150430099,0.2031450271606445,0.8,21
0.1654704817714115,0.0396136151162059,0.1990316937480207,0.2659928798675537,0.8,22
0.1677434424667778,0.0401079621612485,0.2002697235261698,0.2004280090332031,0.8,23
0.1614363926836813,0.0379203380473959,0.1947314510997028,0.2025179862976074,0.8,24
0.2104237674249444,0.0608332353285888,0.246643944439325,0.2027158737182617,0.8,25
0.1524195273928364,0.034269983692801,0.1851215376254235,0.2093298435211181,0.8,26
0.1792137178956118,0.0454527946005319,0.21319661019944,0.2038099765777588,0.8,27
0.1538084160720157,0.0333468123244476,0.1826110958415388,0.2068819999694824,0.8,28
0.20174437912782467,0.05901937917897576,0.24293904416329576,0.20517802238464355,0.8,29
